product_id,product_name,category_id,price
101,Wireless Bluetooth Headphones,1,99.99
102,4K Ultra HD Monitor,1,299.99
103,Mechanical Gaming Keyboard,1,79.5
104,Cotton Denim Jacket,2,59.99
105,Running Sneakers,2,85.0
106,Graphic Print T-Shirt,2,25.0
107,Stainless Steel Espresso Machine,3,199.99
108,Air Fryer 5-Quart,3,89.95
109,Non-Stick Cookware Set,3,120.0
110,Data Science & SQL Mastery Book,4,45.0
111,Fantasy Novel Hardcover,4,22.5
112,Yoga Mat Extra Thick,5,29.99
113,Adjustable Dumbbell Set,5,149.99
