customer_id,first_name,last_name,signup_date,country
1,Liam,Johnson,2026-01-15,USA
2,Sam,Brown,2025-03-13,Canada
3,Emma,Johnson,2026-01-15,Australia
4,Ethan,Rodriguez,2025-10-30,USA
5,Pat,Smith,2025-02-17,USA
6,Morgan,Brown,2025-11-05,India
7,Alex,Rodriguez,2026-01-02,Canada
8,Liam,Lopez,2025-08-03,India
9,Morgan,Davis,2025-05-23,India
10,Noah,Smith,2025-12-24,Canada
11,Pat,Garcia,2025-03-21,UK
12,Morgan,Garcia,2025-02-17,USA
13,Pat,Johnson,2026-03-10,UK
14,Chris,Martinez,2026-02-18,UK
15,Alex,Lopez,2025-10-02,Germany
16,Jordan,Miller,2025-10-10,USA
17,Sam,Hernandez,2026-03-30,India
18,Olivia,Garcia,2025-04-09,India
19,Emma,Johnson,2025-12-05,USA
20,Morgan,Jones,2026-03-14,USA
21,Morgan,Johnson,2025-05-23,Germany
22,Riley,Hernandez,2025-03-25,UK
23,Chris,Garcia,2025-12-10,Canada
24,Sam,Lopez,2025-11-28,Australia
25,Jordan,Martinez,2025-03-29,Australia
26,Casey,Lopez,2025-03-25,Canada
27,Riley,Miller,2026-04-19,UK
28,Liam,Lopez,2025-04-23,India
29,Liam,Garcia,2025-04-28,USA
30,Olivia,Smith,2025-07-25,UK
31,Sam,Johnson,2026-04-13,Canada
32,Avery,Lopez,2025-04-19,UK
33,Liam,Davis,2026-03-29,Germany
34,Ethan,Hernandez,2025-03-15,Germany
35,Sam,Williams,2026-01-17,Canada
36,Casey,Rodriguez,2026-01-18,UK
37,Avery,Miller,2025-07-24,India
38,Chris,Brown,2025-09-18,Canada
39,Riley,Johnson,2026-03-17,USA
40,Jordan,Williams,2025-03-23,Australia
41,Noah,Hernandez,2025-11-02,Germany
42,Jordan,Miller,2025-11-02,Germany
43,Riley,Rodriguez,2026-05-13,UK
44,Casey,Smith,2026-01-05,Australia
45,Jordan,Hernandez,2026-01-20,India
46,Sam,Hernandez,2025-02-27,UK
47,Sam,Miller,2025-08-21,Canada
48,Alex,Lopez,2025-05-15,Australia
49,Casey,Williams,2026-04-13,India
50,Jordan,Hernandez,2026-03-07,UK
