order_id,customer_id,order_date,order_status
1001,41,2025-12-26,Cancelled
1002,49,2025-07-02,Cancelled
1003,24,2026-07-04,Completed
1004,37,2026-08-08,Completed
1005,5,2026-08-24,Cancelled
1006,31,2026-08-08,Cancelled
1007,39,2025-11-13,Completed
1008,43,2026-03-09,Completed
1009,15,2025-05-13,Completed
1010,15,2026-02-06,Completed
1011,41,2025-05-11,Completed
1012,5,2025-12-30,Completed
1013,9,2026-04-16,Cancelled
1014,7,2026-03-14,Completed
1015,4,2026-03-21,Returned
1016,16,2025-07-18,Completed
1017,16,2026-07-02,Completed
1018,42,2026-01-12,Completed
1019,11,2025-11-05,Completed
1020,25,2025-04-12,Completed
1021,45,2026-08-14,Returned
1022,14,2026-08-19,Completed
1023,4,2026-02-04,Completed
1024,5,2026-02-09,Completed
1025,39,2025-05-01,Cancelled
1026,38,2026-01-25,Cancelled
1027,21,2025-08-11,Completed
1028,30,2025-09-19,Completed
1029,37,2025-06-01,Completed
1030,16,2025-10-17,Completed
1031,46,2025-09-12,Cancelled
1032,7,2026-08-04,Completed
1033,10,2025-08-28,Completed
1034,17,2025-12-25,Completed
1035,18,2025-05-03,Completed
1036,11,2026-04-25,Completed
1037,45,2026-07-17,Completed
1038,9,2025-05-02,Completed
1039,44,2025-08-16,Returned
1040,27,2026-08-22,Cancelled
1041,12,2026-04-23,Completed
1042,18,2025-07-01,Returned
1043,31,2025-08-02,Completed
1044,2,2026-03-14,Completed
1045,23,2026-03-05,Cancelled
1046,8,2026-07-04,Completed
1047,3,2025-06-05,Cancelled
1048,39,2025-12-28,Completed
1049,46,2025-11-20,Completed
1050,43,2025-07-20,Completed
1051,21,2026-03-16,Completed
1052,26,2026-04-02,Completed
1053,48,2026-07-17,Completed
1054,19,2025-07-27,Completed
1055,44,2025-07-29,Cancelled
1056,6,2025-09-03,Cancelled
1057,20,2025-08-04,Completed
1058,16,2025-12-10,Cancelled
1059,41,2026-01-30,Completed
1060,42,2026-03-29,Completed
1061,15,2025-07-10,Returned
1062,9,2026-05-26,Completed
1063,47,2026-07-11,Cancelled
1064,31,2025-11-27,Completed
1065,50,2026-05-14,Cancelled
1066,5,2026-04-11,Completed
1067,21,2026-07-12,Cancelled
1068,15,2025-10-24,Returned
1069,5,2025-11-09,Completed
1070,14,2026-06-11,Completed
1071,49,2026-01-30,Completed
1072,27,2026-01-11,Returned
1073,28,2025-12-15,Completed
1074,47,2025-07-04,Completed
1075,2,2026-07-19,Completed
1076,9,2026-06-28,Completed
1077,25,2025-09-25,Completed
1078,49,2026-08-11,Completed
1079,35,2025-05-07,Completed
1080,50,2026-08-14,Returned
1081,16,2025-07-22,Completed
1082,37,2026-08-09,Completed
1083,39,2026-02-15,Returned
1084,20,2026-01-30,Returned
1085,38,2026-03-30,Returned
1086,50,2025-09-12,Returned
1087,28,2026-03-15,Completed
1088,22,2025-04-17,Completed
1089,30,2026-04-08,Completed
1090,18,2026-02-20,Cancelled
1091,18,2025-09-23,Completed
1092,16,2026-04-30,Completed
1093,21,2025-07-13,Completed
1094,22,2025-09-01,Cancelled
1095,16,2026-04-14,Completed
1096,42,2026-04-10,Completed
1097,15,2025-11-04,Returned
1098,38,2025-10-16,Completed
1099,23,2026-04-05,Completed
1100,47,2025-07-18,Completed
1101,49,2026-03-30,Completed
1102,31,2025-08-30,Returned
1103,19,2025-08-05,Completed
1104,46,2026-01-09,Completed
1105,45,2026-08-07,Completed
1106,31,2025-12-12,Completed
1107,8,2026-06-05,Completed
1108,44,2025-05-08,Completed
1109,20,2025-05-24,Completed
1110,39,2026-02-10,Cancelled
1111,25,2025-11-27,Completed
1112,40,2025-05-11,Cancelled
1113,6,2025-06-30,Completed
1114,11,2025-04-12,Completed
1115,3,2025-08-07,Completed
1116,17,2026-05-19,Returned
1117,42,2025-06-26,Completed
1118,11,2026-05-21,Completed
1119,45,2025-09-13,Returned
1120,29,2025-05-22,Cancelled
1121,21,2026-02-14,Completed
1122,44,2026-06-13,Cancelled
1123,31,2026-01-01,Returned
1124,41,2026-06-01,Completed
1125,27,2025-09-28,Completed
1126,19,2026-03-16,Completed
1127,8,2026-08-20,Completed
1128,13,2026-01-01,Completed
1129,18,2026-01-17,Completed
1130,2,2026-08-22,Returned
1131,36,2025-11-05,Completed
1132,8,2026-03-08,Completed
1133,18,2025-11-09,Completed
1134,25,2025-07-17,Cancelled
1135,33,2025-08-25,Completed
1136,43,2025-12-17,Completed
1137,36,2026-05-06,Cancelled
1138,16,2026-01-28,Completed
1139,3,2025-09-20,Returned
1140,42,2025-06-27,Completed
1141,38,2025-09-27,Completed
1142,47,2025-06-23,Completed
1143,45,2025-10-31,Returned
1144,35,2025-10-22,Completed
1145,16,2026-02-28,Returned
1146,7,2026-05-05,Returned
1147,3,2025-09-24,Completed
1148,16,2026-01-07,Completed
1149,25,2026-02-22,Returned
1150,10,2025-08-07,Completed
