order_item_id,order_id,product_id,quantity,unit_price
1,1001,103,2,79.5
2,1002,101,2,99.99
3,1002,110,1,45.0
4,1002,106,1,25.0
5,1003,101,1,99.99
6,1004,112,2,29.99
7,1005,103,3,79.5
8,1006,105,3,85.0
9,1007,113,3,149.99
10,1007,112,2,29.99
11,1007,104,2,59.99
12,1008,109,1,120.0
13,1008,108,1,89.95
14,1009,110,3,45.0
15,1010,102,3,299.99
16,1011,101,2,99.99
17,1012,111,1,22.5
18,1012,108,3,89.95
19,1013,108,2,89.95
20,1013,104,1,59.99
21,1013,113,1,149.99
22,1014,107,2,199.99
23,1014,113,3,149.99
24,1015,102,3,299.99
25,1015,101,2,99.99
26,1015,107,1,199.99
27,1016,108,1,89.95
28,1016,103,2,79.5
29,1016,107,2,199.99
30,1017,113,1,149.99
31,1017,109,1,120.0
32,1018,113,1,149.99
33,1019,104,1,59.99
34,1019,107,1,199.99
35,1020,113,2,149.99
36,1020,108,2,89.95
37,1021,111,1,22.5
38,1021,112,1,29.99
39,1021,108,2,89.95
40,1022,112,3,29.99
41,1022,109,2,120.0
42,1022,101,1,99.99
43,1023,109,3,120.0
44,1023,103,1,79.5
45,1023,101,1,99.99
46,1024,104,3,59.99
47,1024,107,1,199.99
48,1024,102,3,299.99
49,1025,107,3,199.99
50,1026,105,3,85.0
51,1026,104,3,59.99
52,1027,103,3,79.5
53,1027,111,2,22.5
54,1028,108,3,89.95
55,1029,104,1,59.99
56,1029,109,2,120.0
57,1029,105,1,85.0
58,1030,108,3,89.95
59,1031,109,3,120.0
60,1031,101,2,99.99
61,1031,111,3,22.5
62,1032,102,3,299.99
63,1032,113,3,149.99
64,1033,104,1,59.99
65,1033,112,3,29.99
66,1033,106,3,25.0
67,1034,101,3,99.99
68,1034,102,2,299.99
69,1035,113,3,149.99
70,1035,103,2,79.5
71,1036,112,1,29.99
72,1036,107,1,199.99
73,1036,109,1,120.0
74,1037,101,3,99.99
75,1037,106,1,25.0
76,1037,110,2,45.0
77,1038,113,2,149.99
78,1038,101,1,99.99
79,1039,106,3,25.0
80,1040,103,1,79.5
81,1040,104,2,59.99
82,1040,113,1,149.99
83,1041,113,3,149.99
84,1041,111,1,22.5
85,1042,107,1,199.99
86,1043,106,1,25.0
87,1043,105,1,85.0
88,1044,106,1,25.0
89,1044,105,2,85.0
90,1045,111,2,22.5
91,1045,109,1,120.0
92,1046,110,2,45.0
93,1047,106,2,25.0
94,1047,112,2,29.99
95,1048,110,2,45.0
96,1048,104,1,59.99
97,1049,113,3,149.99
98,1049,109,3,120.0
99,1049,111,3,22.5
100,1050,102,2,299.99
101,1050,111,3,22.5
102,1051,105,3,85.0
103,1051,109,2,120.0
104,1051,113,2,149.99
105,1052,103,3,79.5
106,1052,104,2,59.99
107,1052,107,3,199.99
108,1053,110,3,45.0
109,1053,105,1,85.0
110,1053,107,2,199.99
111,1054,110,2,45.0
112,1054,111,2,22.5
113,1054,106,2,25.0
114,1055,113,1,149.99
115,1055,112,3,29.99
116,1056,111,1,22.5
117,1056,110,1,45.0
118,1056,106,3,25.0
119,1057,101,1,99.99
120,1058,108,2,89.95
121,1059,112,2,29.99
122,1059,107,1,199.99
123,1059,108,1,89.95
124,1060,113,2,149.99
125,1061,108,1,89.95
126,1061,101,1,99.99
127,1061,109,2,120.0
128,1062,109,2,120.0
129,1062,113,2,149.99
130,1062,110,3,45.0
131,1063,109,1,120.0
132,1063,108,3,89.95
133,1064,111,2,22.5
134,1065,111,2,22.5
135,1065,104,2,59.99
136,1066,105,2,85.0
137,1067,103,1,79.5
138,1068,112,1,29.99
139,1069,109,2,120.0
140,1069,108,1,89.95
141,1070,113,3,149.99
142,1070,110,1,45.0
143,1071,101,2,99.99
144,1071,106,2,25.0
145,1072,109,2,120.0
146,1072,110,1,45.0
147,1072,104,2,59.99
148,1073,106,3,25.0
149,1073,111,2,22.5
150,1074,110,3,45.0
151,1075,110,1,45.0
152,1075,111,3,22.5
153,1075,101,2,99.99
154,1076,101,2,99.99
155,1077,106,2,25.0
156,1077,113,2,149.99
157,1078,102,1,299.99
158,1078,108,3,89.95
159,1079,111,1,22.5
160,1080,113,1,149.99
161,1081,103,2,79.5
162,1081,104,3,59.99
163,1081,113,1,149.99
164,1082,112,2,29.99
165,1082,105,1,85.0
166,1083,102,1,299.99
167,1083,103,3,79.5
168,1083,105,1,85.0
169,1084,107,1,199.99
170,1084,112,1,29.99
171,1085,102,3,299.99
172,1086,113,1,149.99
173,1086,102,2,299.99
174,1086,110,3,45.0
175,1087,109,3,120.0
176,1088,102,2,299.99
177,1088,107,3,199.99
178,1089,103,3,79.5
179,1089,112,3,29.99
180,1090,108,3,89.95
181,1090,107,3,199.99
182,1091,105,2,85.0
183,1092,110,2,45.0
184,1092,111,1,22.5
185,1092,107,2,199.99
186,1093,106,2,25.0
187,1094,105,3,85.0
188,1094,109,1,120.0
189,1094,101,1,99.99
190,1095,109,3,120.0
191,1095,104,2,59.99
192,1096,113,1,149.99
193,1096,101,2,99.99
194,1097,105,3,85.0
195,1098,109,3,120.0
196,1098,106,3,25.0
197,1098,107,2,199.99
198,1099,105,1,85.0
199,1099,113,1,149.99
200,1100,112,3,29.99
201,1101,104,3,59.99
202,1102,113,2,149.99
203,1102,109,1,120.0
204,1102,110,1,45.0
205,1103,105,1,85.0
206,1104,101,3,99.99
207,1104,113,2,149.99
208,1105,113,1,149.99
209,1105,108,3,89.95
210,1105,102,2,299.99
211,1106,103,2,79.5
212,1106,101,2,99.99
213,1107,108,3,89.95
214,1107,102,3,299.99
215,1108,113,3,149.99
216,1109,109,2,120.0
217,1110,113,3,149.99
218,1111,110,2,45.0
219,1111,107,3,199.99
220,1112,102,1,299.99
221,1112,104,2,59.99
222,1112,111,3,22.5
223,1113,109,1,120.0
224,1114,112,2,29.99
225,1114,110,2,45.0
226,1115,105,1,85.0
227,1115,112,3,29.99
228,1115,108,1,89.95
229,1116,111,1,22.5
230,1116,104,3,59.99
231,1116,107,1,199.99
232,1117,102,1,299.99
233,1118,112,2,29.99
234,1118,110,1,45.0
235,1118,105,2,85.0
236,1119,105,3,85.0
237,1119,109,2,120.0
238,1120,107,3,199.99
239,1121,102,1,299.99
240,1122,101,3,99.99
241,1122,111,1,22.5
242,1122,105,1,85.0
243,1123,105,3,85.0
244,1123,103,2,79.5
245,1124,108,2,89.95
246,1125,102,2,299.99
247,1125,103,3,79.5
248,1125,106,2,25.0
249,1126,101,2,99.99
250,1126,108,2,89.95
251,1126,102,2,299.99
252,1127,101,2,99.99
253,1127,111,2,22.5
254,1127,109,1,120.0
255,1128,113,2,149.99
256,1128,108,1,89.95
257,1128,111,1,22.5
258,1129,108,2,89.95
259,1129,112,1,29.99
260,1130,113,2,149.99
261,1130,104,3,59.99
262,1130,103,1,79.5
263,1131,102,2,299.99
264,1132,112,3,29.99
265,1132,105,3,85.0
266,1133,104,3,59.99
267,1133,108,1,89.95
268,1134,112,2,29.99
269,1134,103,2,79.5
270,1134,102,2,299.99
271,1135,112,3,29.99
272,1135,105,3,85.0
273,1136,109,2,120.0
274,1136,108,2,89.95
275,1137,108,1,89.95
276,1137,106,3,25.0
277,1138,113,2,149.99
278,1139,112,2,29.99
279,1139,107,3,199.99
280,1140,103,3,79.5
281,1141,102,2,299.99
282,1141,109,1,120.0
283,1142,103,2,79.5
284,1142,102,2,299.99
285,1142,108,3,89.95
286,1143,106,3,25.0
287,1144,112,1,29.99
288,1144,108,3,89.95
289,1144,109,1,120.0
290,1145,104,1,59.99
291,1145,112,2,29.99
292,1146,102,3,299.99
293,1146,108,2,89.95
294,1146,103,1,79.5
295,1147,106,2,25.0
296,1147,113,1,149.99
297,1148,111,1,22.5
298,1148,103,1,79.5
299,1148,112,3,29.99
300,1149,108,3,89.95
301,1150,105,3,85.0
302,1150,108,1,89.95
303,1150,113,2,149.99
